<feature_model name="Model_Transformation"><meta><data name="description">Model transformation taxonomy feature model</data><data name="creator">Krzysztof Czarnecki</data><data name="address">200 University Ave. West, Waterloo, ON, Canada</data><data name="email">kczarnec at swen dot uwaterloo dot ca</data><data name="phone">+1-519-888-4567</data><data name="website">http://gsd.uwaterloo.ca/</data><data name="organization">University of Waterloo</data><data name="department">Generative Software Development Lab</data><data name="date">Oct 2003</data><data name="reference">Krzysztof Czarnecki and Simon Helsen. Classification of model transformation approaches. In Online Proceedings of the 2nd OOPSLA03 Workshop on Generative Techniques in the Context of MDA, Anaheim, Oct 2003</data></meta><feature_tree>
:r Model Transformation(_id_0)
	:m Transformation rules(_id_1)
		:m LHS/RHS(_id_2)
			:o Variables(_id_3)
				:g (_id_4) [1,1] 
					: Untyped(_id_5)
					: Syntactically typed(_id_6)
					: Semantically typed(_id_7)
			:g (_id_8) [1,*] 
				: Patterns(_id_9)
					:m Form(_id_10)
						:g (_id_11) [1,1] 
							: Strings(_id_12)
							: Terms(_id_13)
							: Graphs(_id_14)
					:m Syntax(_id_15)
						:g (_id_16) [1,*] 
							: Abstract(_id_17)
							: Concrete(_id_18)
								:g (_id_19) [1,*] 
									: Textual(_id_20)
									: Graphical(_id_21)
					:m Typing(_id_22)
						:g (_id_23) [1,1] 
							: Untyped(typ_untyped)
							: Syntactically typed(typ_syntactically_typed)
							: Semantically typed(typ_semantically_typed)
				: Logic(_id_24)
					:g (_id_25) [1,*] 
						: Non-executable(_id_26)
						: Executable(_id_27)
							:g (_id_28) [1,*] 
								: Imperative(_id_29)
								: Declarative(_id_30)
		:o LHS/RHS Syntactic Separation(_id_31)
		:o Bidirectionality(_id_32)
		:o Parameterization(_id_33)
		:o Intermediate structures(_id_34)
	:o Rule application scoping(_id_35)
		:g (_id_36) [1,*] 
			: Source(scoping_source)
			: Target(target_source)
	:m Source-Target relationship(_id_37)
		:g (_id_38) [1,*] 
			: New target(_id_39)
			: Existing target(_id_40)
				:o In-place(_id_41)
				:m Update(_id_42)
					:g (_id_43) [1,1] 
						: Destructive(_id_44)
						: Extension only(_id_45)
	:m Rule application strategy(_id_46)
		:g (_id_47) [1,*] 
			: Deterministic(_id_48)
			: Non-deterministic(_id_49)
				:g (_id_50) [1,*] 
					: Concurrent(_id_51)
					: One-point(_id_52)
			: Interactive(_id_53)
	:m Rule scheduling(_id_54)
		:m Form(_id_55)
			:g (_id_56) [1,*] 
				: Implicit(_id_57)
				: Explicit(_id_58)
					:g (_id_59) [1,1] 
						: Internal(_id_60)
						: External(_id_61)
		:m Rule selection(_id_62)
			:g (_id_63) [1,*] 
				: Explicit condition(_id_64)
				: Non-determinism(_id_65)
				: Conflict resolution(_id_66)
				: Interactive(_id_67)
		:o Rule Iteration(_id_68)
			:g (_id_69) [1,1] 
				: Recursion(_id_70)
				: Looping(_id_71)
				: Fixpoint Iteration(_id_72)
		:o Phasing(_id_73)
	:m Rule organization(_id_74)
		:o Modulatiry mechanisms(_id_75)
		:o Reuse mechanisms(_id_76)
			:g (_id_77) [1,*] 
				: Inheritance(_id_78)
				: Logical composition(_id_79)
		:m Organizational Structure(_id_80)
			:g (_id_81) [1,1] 
				: Source-oriented(_id_82)
				: Target-oriented(_id_83)
				: Independent(_id_84)
	:m Tracing(_id_85)
		:o Dedicated support(_id_86)
			:m Storage location(_id_87)
				:g (_id_88) [1,1] 
					: Model(_id_89)
						:g (_id_90) [1,*] 
							: Source(model_source)
							: Target(model_target)
					: Separate(_id_91)
			:m Control(_id_92)
				:g (_id_93) [1,1] 
					: Manual(_id_94)
					: Automatic(_id_95)
						:g (_id_96) [1,1] 
							: All rules(_id_97)
							: Selected rules(_id_98)
	:m Directionality(_id_99)
		:g (_id_100) [1,*] 
			: Unidirectional(_id_101)
			: Bidirectional(_id_102)
				:g (_id_103) [1,1] 
					: Bidirectional rules(_id_104)
					: Complementary pairs(_id_105)
</feature_tree><constraints>
</constraints></feature_model>